code	startYear	startMonth	startDay	startHour	startMinute	endYear	endMonth	endDay	endHour	endMinute	durationHour	durationMinute
Y	1995	1	1	6	15	1995	1	2	23	0	40	45
R	1995	1	4	18	0	1995	1	8	6	0	84	0
Y	1995	1	8	6	0	1995	1	8	23	0	17	0
Y	1995	1	13	6	0	1995	1	15	23	30	65	30
Y	1995	1	24	6	0	1995	1	24	11	30	5	30
Y	1995	1	29	6	30	1995	1	29	18	0	11	30
Y	1995	2	1	0	0	1995	2	2	6	5	30	5
R	1995	2	2	6	5	1995	2	7	6	0	119	55
Y	1995	2	11	6	15	1995	2	12	23	15	41	0
Y	1995	2	26	6	10	1995	2	26	14	15	8	5
R	1995	3	4	6	0	1995	3	5	6	0	24	0
Y	1995	3	5	6	0	1995	3	6	6	5	24	5
Y	1995	3	19	6	0	1995	3	19	23	15	17	15
Y	1995	3	26	0	0	1995	3	26	6	0	6	0
R	1995	3	26	6	0	1995	3	27	6	0	24	0
R	1995	4	5	6	0	1995	4	5	18	15	12	15
Y	1995	10	22	0	0	1995	10	22	23	15	23	15
Y	1995	10	29	0	0	1995	10	29	23	15	23	15
Y	1995	10	31	9	5	1995	10	31	24	0	14	55
R	1995	11	1	0	0	1995	11	2	24	0	48	0
Y	1995	11	4	0	0	1995	11	5	15	30	39	30
R	1995	11	8	6	0	1995	11	9	23	10	41	10
Y	1995	11	11	0	0	1995	11	11	6	0	6	0
R	1995	11	11	6	0	1995	11	12	6	0	24	0
Y	1995	11	12	6	0	1995	11	12	23	30	17	30
R	1995	11	16	6	0	1995	11	17	6	0	24	0
Y	1995	11	18	6	0	1995	11	20	6	0	48	0
R	1995	11	20	6	0	1995	11	22	6	0	48	0
R	1995	11	23	6	0	1995	11	26	23	15	89	15
Y	1995	12	2	6	0	1995	12	4	6	0	48	0
R	1995	12	4	6	0	1995	12	10	6	0	144	0
Y	1995	12	10	6	0	1995	12	10	24	0	18	0
Y	1995	12	23	6	0	1995	12	24	6	5	24	5
R	1995	12	24	6	5	1996	1	2	6	0	215	55
Y	1996	1	2	6	0	1996	1	6	13	20	103	20
Y	1996	1	9	6	0	1996	1	11	7	10	49	10
Y	1996	1	14	6	0	1996	1	15	6	0	24	0
Y	1996	1	19	6	0	1996	1	19	18	0	12	0
Y	1996	1	20	6	40	1996	1	21	18	0	35	20
Y	1996	1	26	6	0	1996	1	30	6	0	96	0
Y	1996	1	31	6	0	1996	2	1	6	0	24	0
R	1996	2	1	6	0	1996	2	5	6	0	96	0
Y	1996	2	5	6	0	1996	2	6	6	0	24	0
R	1996	2	6	6	0	1996	2	6	13	45	7	45
Y	1996	2	9	6	0	1996	2	9	18	10	12	10
R	1996	2	9	18	10	1996	2	12	6	0	59	50
Y	1996	3	1	9	10	1996	3	2	6	0	20	50
R	1996	3	2	6	0	1996	3	3	6	0	24	0
Y	1996	3	3	6	0	1996	3	4	6	0	24	0
Y	1996	3	4	11	15	1996	3	6	8	0	44	45
Y	1996	4	7	0	0	1996	4	8	16	30	40	30
Y	1996	4	23	9	10	1996	4	24	4	30	19	20
Y	1996	5	18	12	30	1996	5	20	18	0	53	30
Y	1996	9	28	11	30	1996	9	29	6	0	18	30
R	1996	9	29	6	0	1996	9	30	16	30	34	30
Y	1996	10	12	6	30	1996	10	13	17	30	35	0
Y	1996	10	19	6	0	1996	10	20	16	40	34	40
R	1996	10	25	11	0	1996	10	27	18	0	55	0
Y	1996	11	2	6	45	1996	11	2	18	0	11	15
Y	1996	11	3	8	30	1996	11	3	18	0	9	30
Y	1996	11	9	6	0	1996	11	11	6	0	48	0
Y	1996	11	17	6	0	1996	11	17	17	20	11	20
R	1996	11	17	17	20	1996	11	22	6	0	108	40
R	1996	11	22	10	35	1996	11	23	6	0	19	25
Y	1996	11	23	6	0	1996	11	24	18	0	36	0
Y	1996	11	30	6	0	1996	12	1	5	45	23	45
R	1996	12	1	5	45	1996	12	2	6	0	24	15
R	1996	12	5	18	0	1996	12	9	17	30	95	30
R	1996	12	10	6	0	1996	12	12	6	0	48	0
R	1996	12	13	6	0	1996	12	14	6	0	24	0
Y	1996	12	14	6	0	1996	12	16	6	0	48	0
R	1996	12	18	0	0	1996	12	18	18	0	18	0
Y	1996	12	18	18	0	1996	12	21	6	0	60	0
R	1996	12	21	6	0	1996	12	22	6	0	24	0
Y	1996	12	22	6	0	1996	12	23	6	0	24	0
R	1996	12	23	6	0	1996	12	23	17	30	11	30
Y	1996	12	23	17	30	1996	12	24	6	0	12	30
R	1996	12	24	6	0	1996	12	24	17	30	11	30
Y	1996	12	24	17	30	1996	12	30	7	30	134	0
Y	1997	1	1	6	0	1997	1	2	6	15	24	15
R	1997	1	2	6	15	1997	1	2	12	20	6	5
Y	1997	1	5	6	0	1997	1	6	6	0	24	0
R	1997	1	6	6	0	1997	1	6	18	0	12	0
Y	1997	1	6	18	0	1997	1	8	6	0	36	0
R	1997	1	8	6	0	1997	1	8	17	30	11	30
Y	1997	1	8	17	30	1997	1	10	18	0	48	30
R	1997	1	10	18	0	1997	1	12	6	0	36	0
Y	1997	1	12	6	0	1997	1	14	6	0	48	0
Y	1997	1	19	6	0	1997	1	19	18	0	12	0
Y	1997	1	24	8	0	1997	1	24	16	15	8	15
Y	1997	1	24	6	5	1997	1	27	6	0	47	55
R	1997	1	27	6	0	1997	1	29	6	0	48	0
Y	1997	1	29	6	0	1997	1	31	6	0	48	0
Y	1997	2	19	6	0	1997	2	20	6	0	24	0
R	1997	2	20	6	0	1997	2	21	6	0	24	0
Y	1997	2	21	6	0	1997	2	22	6	0	24	0
R	1997	2	22	6	0	1997	2	22	18	0	12	0
Y	1997	2	22	18	0	1997	2	23	18	0	24	0
Y	1997	3	2	18	0	1997	3	4	6	0	36	0
Y	1997	3	24	8	35	1997	3	24	18	0	9	25
Y	1997	3	31	6	0	1997	3	31	16	50	10	50
Y	1997	4	26	10	45	1997	4	27	6	0	19	15
Y	1997	9	27	6	0	1997	9	28	15	20	33	20
Y	1997	10	10	6	0	1997	10	10	23	0	17	0
Y	1997	10	12	7	0	1997	10	12	10	0	3	0
Y	1997	10	19	6	0	1997	10	19	18	0	12	0
Y	1997	10	26	6	0	1997	10	26	18	0	12	0
R	1997	10	30	6	30	1997	11	2	18	0	83	30
R	1997	11	4	6	0	1997	11	7	6	0	72	0
Y	1997	11	7	18	0	1997	11	10	6	0	60	0
R	1997	11	17	8	20	1997	11	19	6	0	45	40
Y	1997	11	23	6	0	1997	11	23	7	30	1	30
R	1997	12	2	6	0	1997	12	2	18	0	12	0
R	1997	12	8	6	0	1997	12	12	6	0	96	0
Y	1997	12	12	6	0	1997	12	15	6	0	72	0
Y	1997	12	25	6	0	1997	12	26	18	0	36	0
Y	1998	1	1	7	50	1998	1	1	18	0	10	10
Y	1998	1	12	6	15	1998	1	12	16	30	10	15
Y	1998	1	18	6	0	1998	1	19	16	0	34	0
Y	1998	1	25	6	0	1998	1	25	17	30	11	30
Y	1998	1	28	10	0	1998	1	29	6	0	20	0
R	1998	1	29	6	0	1998	1	29	18	0	12	0
Y	1998	1	29	18	0	1998	1	30	18	0	24	0
Y	1998	2	8	6	0	1998	2	9	10	0	28	0
Y	1998	4	4	0	0	1998	4	7	6	0	78	0
Y	1998	4	15	15	0	1998	4	16	6	0	15	0
Y	1998	4	18	0	0	1998	4	18	11	30	11	30
R	1998	4	18	11	30	1998	4	19	5	30	18	0
R	1998	9	20	10	45	1998	9	22	11	45	49	0
R	1998	9	28	6	0	1998	10	2	6	0	96	0
Y	1998	10	2	6	0	1998	10	3	10	15	28	15
R	1998	10	3	10	15	1998	10	3	18	0	7	45
R	1998	10	15	6	15	1998	10	19	5	45	95	30
R	1998	10	19	11	45	1998	10	22	6	0	66	15
R	1998	10	22	18	0	1998	10	24	18	0	48	0
R	1998	10	25	6	15	1998	10	25	8	45	2	30
Y	1998	10	27	6	0	1998	10	29	6	0	48	0
Y	1998	11	1	0	0	1998	11	2	6	0	30	0
R	1998	11	7	0	0	1998	11	8	18	0	42	0
R	1998	11	9	11	45	1998	11	13	6	0	90	15
R	1998	11	13	11	0	1998	11	14	6	0	19	0
Y	1998	11	14	6	0	1998	11	15	18	0	36	0
Y	1998	11	21	12	0	1998	11	22	6	0	18	0
R	1998	11	22	6	0	1998	11	25	18	0	84	0
Y	1998	11	29	6	15	1998	11	29	18	0	11	45
Y	1998	12	5	7	0	1998	12	6	18	0	35	0
R	1998	12	8	0	0	1998	12	13	8	0	128	0
R	1998	12	15	6	0	1998	12	17	23	0	65	0
R	1998	12	23	12	0	1998	12	24	12	0	24	0
Y	1998	12	25	6	0	1998	12	28	6	0	72	0
Y	1998	12	30	6	0	1998	12	30	18	0	12	0
Y	1998	12	31	18	0	1999	1	4	6	40	84	40
R	1999	1	4	6	40	1999	1	9	6	0	119	20
Y	1999	1	9	6	0	1999	1	11	6	0	48	0
R	1999	1	15	14	30	1999	1	17	6	0	39	30
Y	1999	1	17	6	0	1999	1	18	6	0	24	0
Y	1999	1	27	6	25	1999	1	27	17	30	11	5
Y	1999	1	30	6	0	1999	1	30	18	0	12	0
Y	1999	2	2	6	0	1999	2	2	14	30	8	30
R	1999	2	2	14	30	1999	2	7	6	0	111	30
Y	1999	2	7	6	0	1999	2	8	18	0	36	0
Y	1999	2	9	14	0	1999	2	12	6	0	64	0
R	1999	2	12	6	0	1999	2	14	6	0	48	0
Y	1999	2	14	6	0	1999	2	19	6	0	120	0
R	1999	2	19	6	0	1999	2	22	18	0	84	0
Y	1999	2	28	6	0	1999	3	1	6	0	24	0
Y	1999	3	15	6	0	1999	3	15	18	0	12	0
Y	1999	4	2	6	0	1999	4	6	6	0	96	0
R	1999	4	6	6	0	1999	4	8	14	0	56	0
Y	1999	9	23	18	0	1999	9	25	6	15	36	15
Y	1999	10	1	6	0	1999	10	1	18	0	12	0
Y	1999	10	3	0	0	1999	10	3	15	30	15	30
Y	1999	10	9	6	0	1999	10	10	18	0	36	0
Y	1999	10	16	0	0	1999	10	17	7	0	31	0
R	1999	10	17	7	0	1999	10	20	18	0	83	0
Y	1999	10	23	6	0	1999	10	25	6	0	48	0
R	1999	10	25	11	35	1999	10	26	6	0	18	25
Y	1999	10	31	6	0	1999	10	31	18	0	12	0
R	1999	11	1	12	30	1999	11	4	18	0	77	30
Y	1999	11	6	0	0	1999	11	8	6	0	54	0
Y	1999	11	14	6	0	1999	11	15	6	0	24	0
R	1999	11	15	6	0	1999	11	19	6	0	96	0
Y	1999	11	20	6	0	1999	11	21	18	0	36	0
R	1999	11	25	6	5	1999	11	25	18	0	11	55
R	1999	11	28	6	0	1999	11	30	18	0	60	0
R	1999	12	1	6	0	1999	12	3	14	45	56	45
Y	1999	12	5	8	50	1999	12	5	18	0	9	10
R	1999	12	7	6	0	1999	12	10	6	0	72	0
R	1999	12	10	11	40	1999	12	12	6	0	42	20
Y	1999	12	12	6	0	1999	12	12	18	0	12	0
R	1999	12	14	6	0	1999	12	16	1	15	43	15
Y	1999	12	19	6	0	1999	12	20	6	0	24	0
R	1999	12	20	6	0	1999	12	28	6	0	192	0
R	1999	12	31	6	0	2000	1	1	6	0	24	0
Y	2000	1	1	6	0	2000	1	2	6	0	24	0
R	2000	1	2	6	0	2000	1	3	18	0	36	0
Y	2000	1	3	18	0	2000	1	3	23	30	5	30
Y	2000	1	9	6	0	2000	1	9	18	0	12	0
Y	2000	1	17	6	0	2000	1	20	18	0	84	0
Y	2000	1	26	6	0	2000	1	27	6	0	24	0
R	2000	1	27	6	0	2000	1	29	6	0	48	0
Y	2000	1	29	6	0	2000	1	30	6	0	24	0
R	2000	1	30	6	0	2000	1	31	6	0	24	0
Y	2000	2	4	6	0	2000	2	8	6	0	96	0
R	2000	2	8	6	0	2000	2	9	6	0	24	0
Y	2000	2	9	6	0	2000	2	10	6	0	24	0
Y	2000	2	16	11	50	2000	2	16	18	0	6	10
Y	2000	2	26	6	5	2000	2	26	9	40	3	35
Y	2000	2	27	6	0	2000	2	27	18	0	12	0
Y	2000	3	5	6	0	2000	3	5	18	0	12	0
Y	2000	3	19	6	0	2000	3	19	9	45	3	45
R	2000	3	21	12	0	2000	3	21	18	0	6	0
R	2000	3	25	6	0	2000	3	27	6	0	48	0
Y	2000	3	28	16	45	2000	3	29	12	0	19	15
R	2000	3	29	12	0	2000	3	30	18	0	30	0
R	2000	4	16	11	0	2000	4	16	18	0	7	0
Y	2000	9	12	0	0	2000	9	12	16	30	16	30
R	2000	9	12	16	30	2000	9	17	17	15	120	45
Y	2000	10	1	0	0	2000	10	2	18	0	42	0
Y	2000	10	6	6	0	2000	10	7	6	0	24	0
Y	2000	10	8	11	15	2000	10	9	6	0	18	45
Y	2000	10	29	6	0	2000	10	30	6	0	24	0
R	2000	10	30	6	0	2000	11	4	6	0	120	0
Y	2000	11	4	6	0	2000	11	4	14	30	8	30
Y	2000	11	5	6	0	2000	11	5	18	0	12	0
R	2000	11	21	6	0	2000	11	22	18	0	36	0
Y	2000	11	26	0	0	2000	11	26	11	15	11	15
Y	2000	12	3	6	0	2000	12	4	6	0	24	0
Y	2000	12	10	6	0	2000	12	11	6	0	24	0
Y	2000	12	17	6	0	2000	12	17	18	0	12	0
R	2000	12	21	6	0	2000	12	22	18	0	36	0
Y	2000	12	22	18	0	2000	12	26	18	0	96	0
Y	2000	12	30	6	0	2000	12	31	6	0	24	0
R	2000	12	31	6	0	2001	1	1	18	35	36	35
Y	2001	1	7	11	30	2001	1	7	18	0	6	30
Y	2001	1	13	18	0	2001	1	15	6	0	36	0
Y	2001	1	20	6	0	2001	1	21	18	0	36	0
Y	2001	2	11	6	0	2001	2	11	18	0	12	0
R	2001	2	14	6	0	2001	2	16	6	0	48	0
Y	2001	2	17	6	0	2001	2	18	18	0	36	0
R	2001	3	1	11	0	2001	3	2	6	0	19	0
R	2001	3	4	6	0	2001	3	5	6	0	24	0
Y	2001	4	1	6	5	2001	4	1	18	0	11	55
R	2001	4	12	10	45	2001	4	12	18	0	7	15
Y	2001	9	25	10	35	2001	9	26	18	0	31	25
Y	2001	9	29	0	0	2001	10	3	6	0	102	0
Y	2001	10	7	6	0	2001	10	7	18	0	12	0
Y	2001	10	13	6	0	2001	10	15	6	0	48	0
R	2001	10	16	13	10	2001	10	18	6	0	40	50
Y	2001	10	20	6	0	2001	10	22	6	0	48	0
Y	2001	10	25	0	0	2001	10	26	6	0	30	0
Y	2001	10	28	6	0	2001	10	29	6	0	24	0
R	2001	11	6	6	0	2001	11	7	18	0	36	0
R	2001	11	9	6	0	2001	11	12	18	0	84	0
R	2001	11	14	11	30	2001	11	14	18	0	6	30
R	2001	11	15	11	30	2001	11	23	6	0	186	30
R	2001	11	23	12	0	2001	11	24	6	0	18	0
Y	2001	11	24	6	0	2001	11	25	18	0	36	0
R	2001	11	25	18	0	2001	11	26	17	30	23	30
Y	2001	12	2	6	0	2001	12	2	18	0	12	0
Y	2001	12	15	11	45	2001	12	16	18	0	30	15
R	2001	12	21	18	0	2001	12	26	6	0	108	0
Y	2001	12	26	6	0	2001	12	28	11	30	53	30
R	2001	12	28	11	30	2001	12	30	18	0	54	30
Y	2001	12	30	18	0	2002	1	1	12	0	42	0
R	2002	1	1	12	0	2002	1	4	6	0	66	0
Y	2002	1	4	6	0	2002	1	5	6	0	24	0
R	2002	1	5	6	0	2002	1	7	6	0	48	0
Y	2002	1	7	6	0	2002	1	9	6	0	48	0
Y	2002	1	21	6	0	2002	1	21	11	30	5	30
R	2002	1	21	11	30	2002	1	23	6	0	42	30
Y	2002	1	23	6	0	2002	1	23	18	0	12	0
Y	2002	2	3	0	0	2002	2	3	18	0	18	0
Y	2002	2	10	6	0	2002	2	14	18	0	108	0
Y	2002	2	17	6	0	2002	2	18	6	0	24	0
Y	2002	2	24	8	30	2002	2	24	18	0	9	30
R	2002	3	6	6	0	2002	3	8	6	0	48	0
R	2002	3	8	12	30	2002	3	9	6	0	17	30
Y	2002	3	9	6	0	2002	3	10	18	0	36	0
Y	2002	4	5	6	0	2002	4	6	6	0	24	0
Y	2002	9	20	12	0	2002	9	22	1	40	37	40
Y	2002	10	6	15	0	2002	10	7	6	0	15	0
R	2002	10	7	6	0	2002	10	10	18	0	84	0
Y	2002	10	12	6	0	2002	10	15	6	0	72	0
Y	2002	10	26	6	0	2002	10	26	21	20	15	20
Y	2002	10	27	6	0	2002	10	27	18	0	12	0
Y	2002	11	2	6	0	2002	11	3	6	0	24	0
R	2002	11	3	6	0	2002	11	4	6	0	24	0
R	2002	11	8	6	0	2002	11	9	6	0	24	0
Y	2002	11	9	6	0	2002	11	10	18	0	36	0
Y	2002	11	17	6	0	2002	11	17	18	0	12	0
Y	2002	11	24	0	0	2002	11	25	6	0	30	0
R	2002	11	25	6	0	2002	11	25	18	0	12	0
R	2002	11	26	11	45	2002	11	27	1	45	14	0
Y	2002	12	14	6	0	2002	12	15	18	0	36	0
Y	2002	12	22	6	0	2002	12	22	18	0	12	0
Y	2002	12	25	0	0	2002	12	25	18	0	18	0
Y	2002	12	29	0	0	2002	12	29	18	0	18	0
Y	2003	1	4	0	0	2003	1	5	18	0	42	0
R	2003	1	11	0	0	2003	1	13	6	0	54	0
R	2003	1	14	10	30	2003	1	15	18	0	31	30
R	2003	1	18	6	0	2003	1	19	6	0	24	0
Y	2003	1	19	6	0	2003	1	19	18	0	12	0
R	2003	1	23	12	0	2003	1	23	18	0	6	0
R	2003	1	27	18	0	2003	1	29	6	0	36	0
Y	2003	2	2	6	0	2003	2	3	18	0	36	0
R	2003	2	5	6	0	2003	2	6	6	0	24	0
Y	2003	3	8	8	45	2003	3	9	4	15	19	30
R	2003	3	11	11	15	2003	3	11	18	0	6	45
Y	2003	4	5	6	0	2003	4	6	18	0	36	0
Y	2003	4	27	11	45	2003	4	27	18	0	6	15
Y	2003	9	11	6	0	2003	9	13	6	0	48	0
R	2003	9	25	11	30	2003	9	25	18	0	6	30
Y	2003	9	28	6	0	2003	9	28	18	0	12	0
Y	2003	10	1	6	0	2003	10	1	18	0	12	0
Y	2003	10	4	6	0	2003	10	5	18	0	36	0
R	2003	10	16	12	0	2003	10	18	6	0	42	0
Y	2003	10	18	6	0	2003	10	19	18	0	36	0
R	2003	10	25	11	0	2003	10	27	6	0	43	0
R	2003	10	29	6	0	2003	10	31	6	0	48	0
Y	2003	11	2	6	0	2003	11	2	18	0	12	0
R	2003	11	3	11	30	2003	11	4	6	0	18	30
R	2003	11	12	6	0	2003	11	13	6	0	24	0
Y	2003	11	16	11	0	2003	11	16	23	45	12	45
Y	2003	11	22	6	0	2003	11	23	20	45	38	45
R	2003	11	28	6	15	2003	11	30	18	0	59	45
Y	2003	12	6	12	15	2003	12	7	18	0	29	45
R	2003	12	12	6	0	2003	12	16	6	0	96	0
R	2003	12	16	12	0	2003	12	17	6	0	18	0
R	2003	12	17	11	45	2003	12	21	23	15	107	30
Y	2003	12	25	6	0	2003	12	25	13	30	7	30
R	2003	12	25	13	30	2003	12	28	6	0	64	30
Y	2003	12	28	6	0	2003	12	28	18	0	12	0
R	2003	12	31	11	0	2004	1	1	6	0	19	0
Y	2004	1	1	6	0	2004	1	1	18	0	12	0
Y	2004	1	3	6	0	2004	1	5	6	0	48	0
R	2004	1	13	6	0	2004	1	13	18	0	12	0
R	2004	1	14	11	45	2004	1	14	18	0	6	15
Y	2004	1	17	6	0	2004	1	18	12	0	30	0
R	2004	1	21	6	0	2004	1	22	18	0	36	0
Y	2004	1	22	18	0	2004	1	23	6	0	12	0
R	2004	1	23	12	45	2004	1	23	18	0	5	15
R	2004	1	24	6	0	2004	1	26	6	0	48	0
Y	2004	1	26	6	0	2004	1	27	6	0	24	0
R	2004	1	27	6	0	2004	1	27	18	0	12	0
Y	2004	1	27	18	0	2004	1	28	18	0	24	0
R	2004	2	10	11	45	2004	2	10	18	0	6	15
Y	2004	2	10	18	0	2004	2	11	18	0	24	0
Y	2004	2	12	12	45	2004	2	13	11	45	23	0
R	2004	2	13	11	45	2004	2	15	18	0	54	15
Y	2004	2	16	11	0	2004	2	17	18	0	31	0
Y	2004	2	22	13	0	2004	2	22	21	45	8	45
R	2004	3	4	6	0	2004	3	5	6	0	24	0
R	2004	3	6	6	0	2004	3	8	6	0	48	0
Y	2004	3	21	0	0	2004	3	21	18	0	18	0
Y	2004	4	4	0	0	2004	4	4	18	0	18	0
Y	2004	4	5	6	0	2004	4	5	18	0	12	0
Y	2004	4	9	6	0	2004	4	9	12	0	6	0
Y	2004	4	10	6	0	2004	4	10	18	0	12	0
Y	2004	4	12	12	0	2004	4	12	18	0	6	0
Y	2004	9	25	6	30	2004	9	27	6	0	47	30
R	2004	9	27	6	0	2004	9	28	6	0	24	0
Y	2004	9	28	6	0	2004	9	28	12	45	6	45
R	2004	9	28	12	45	2004	9	29	6	0	17	15
Y	2004	9	29	6	0	2004	9	30	4	45	22	45
Y	2004	10	1	11	0	2004	10	1	19	50	8	50
R	2004	10	2	5	45	2004	10	7	6	0	120	15
R	2004	10	8	6	0	2004	10	10	6	0	48	0
Y	2004	10	10	6	0	2004	10	11	6	0	24	0
R	2004	10	12	11	30	2004	10	12	18	0	6	30
R	2004	10	13	11	0	2004	10	14	0	15	13	15
R	2004	10	15	12	30	2004	10	16	5	45	17	15
Y	2004	10	16	5	45	2004	10	17	18	0	36	15
R	2004	10	18	6	0	2004	10	20	18	0	60	0
Y	2004	10	22	0	0	2004	10	24	13	0	61	0
R	2004	10	24	13	0	2004	10	26	21	50	56	50
R	2004	10	27	6	0	2004	10	27	18	0	12	0
Y	2004	10	30	11	30	2004	10	31	18	0	30	30
Y	2004	11	7	0	0	2004	11	7	18	0	18	0
Y	2004	11	14	6	0	2004	11	14	18	0	12	0
R	2004	11	18	0	0	2004	11	21	6	0	78	0
Y	2004	11	21	6	0	2004	11	22	6	0	24	0
Y	2004	11	27	6	0	2004	11	28	6	0	24	0
R	2004	11	28	6	0	2004	11	29	6	0	24	0
R	2004	12	4	6	0	2004	12	6	6	0	48	0
R	2004	12	7	0	0	2004	12	9	6	0	54	0
R	2004	12	10	6	0	2004	12	10	18	0	12	0
Y	2004	12	11	6	0	2004	12	12	6	55	24	55
R	2004	12	12	6	55	2004	12	13	23	15	40	20
Y	2004	12	19	6	0	2004	12	20	6	0	24	0
Y	2004	12	25	6	0	2004	12	28	6	0	72	0
Y	2004	12	30	18	0	2004	12	31	13	0	19	0
R	2004	12	31	13	0	2005	1	3	6	0	65	0
R	2005	1	4	6	0	2005	1	4	18	0	12	0
Y	2005	1	8	18	0	2005	1	10	6	0	36	0
R	2005	1	14	6	0	2005	1	17	6	0	72	0
Y	2005	1	23	11	45	2005	1	23	18	0	6	15
Y	2005	2	11	6	0	2005	2	11	18	0	12	0
Y	2005	2	19	6	0	2005	2	21	6	0	48	0
Y	2005	3	4	6	0	2005	3	4	19	45	13	45
R	2005	3	5	6	0	2005	3	7	6	0	48	0
Y	2005	3	7	6	0	2005	3	8	6	0	24	0
Y	2005	3	19	11	30	2005	3	21	0	15	36	45
Y	2005	3	25	6	0	2005	3	25	23	30	17	30
Y	2005	4	3	0	0	2005	4	4	6	0	30	0
Y	2005	4	5	0	0	2005	4	5	23	15	23	15
Y	2005	10	1	0	0	2005	10	2	4	20	28	20
Y	2005	10	2	11	0	2005	10	2	17	0	6	0
Y	2005	10	8	6	0	2005	10	9	22	0	40	0
Y	2005	10	11	0	0	2005	10	11	24	0	24	0
Y	2005	10	15	6	0	2005	10	16	23	15	41	15
Y	2005	10	22	0	0	2005	10	22	6	30	6	30
R	2005	10	22	6	30	2005	10	24	18	0	59	30
Y	2005	10	29	6	0	2005	10	31	6	0	48	0
Y	2005	11	6	6	15	2005	11	6	18	0	11	45
Y	2005	11	13	8	45	2005	11	13	18	0	9	15
Y	2005	11	19	0	0	2005	11	20	23	15	47	15
Y	2005	11	27	6	0	2005	11	27	18	30	12	30
Y	2005	12	4	6	0	2005	12	5	6	0	24	0
R	2005	12	5	11	30	2005	12	8	6	0	66	30
R	2005	12	8	11	30	2005	12	8	18	0	6	30
Y	2005	12	11	6	0	2005	12	12	6	0	24	0
R	2005	12	12	6	0	2005	12	12	18	0	12	0
R	2005	12	13	6	0	2005	12	13	18	0	12	0
R	2005	12	14	6	0	2005	12	19	18	0	132	0
R	2005	12	21	0	0	2005	12	23	18	0	66	0
Y	2005	12	23	18	0	2005	12	25	11	15	41	15
R	2005	12	25	11	15	2005	12	26	6	0	18	45
Y	2005	12	26	6	0	2005	12	27	18	0	36	0
Y	2006	1	1	6	0	2006	1	2	18	0	36	0
Y	2006	1	6	6	0	2006	1	7	6	0	24	0
R	2006	1	7	6	0	2006	1	10	6	0	72	0
Y	2006	1	15	11	30	2006	1	15	18	0	6	30
Y	2006	1	22	6	0	2006	1	22	18	0	12	0
Y	2006	1	24	6	0	2006	1	27	18	0	84	0
Y	2006	1	30	12	15	2006	2	1	6	0	41	45
Y	2006	2	8	11	30	2006	2	9	6	0	18	30
Y	2006	2	12	0	0	2006	2	13	6	0	30	0
Y	2006	2	26	11	30	2006	2	26	18	0	6	30
Y	2006	3	1	6	0	2006	3	3	6	0	48	0
Y	2006	3	3	11	30	2006	3	3	18	0	6	30
Y	2006	3	19	12	0	2006	3	19	18	0	6	0
Y	2006	4	5	0	0	2006	4	5	18	0	18	0
Y	2006	4	15	12	30	2006	4	15	17	30	5	0
Y	2006	4	16	6	0	2006	4	18	6	0	48	0
Y	2006	9	30	6	0	2006	9	30	15	30	9	30
Y	2006	10	2	6	0	2006	10	2	18	0	12	0
Y	2006	10	6	6	0	2006	10	7	13	15	31	15
R	2006	10	7	13	15	2006	10	7	18	0	4	45
Y	2006	10	7	18	0	2006	10	8	18	0	24	0
Y	2006	10	22	6	0	2006	10	22	18	0	12	0
Y	2006	10	28	6	0	2006	10	30	23	5	65	5
R	2006	10	31	11	0	2006	11	4	6	0	91	0
Y	2006	11	4	6	0	2006	11	6	6	0	48	0
R	2006	11	6	6	0	2006	11	8	6	0	48	0
Y	2006	11	11	6	0	2006	11	11	11	45	5	45
R	2006	11	11	11	45	2006	11	13	1	15	37	30
Y	2006	12	2	6	0	2006	12	4	6	0	48	0
Y	2006	12	10	6	0	2006	12	11	6	0	24	0
R	2006	12	16	12	0	2006	12	26	4	30	232	30
Y	2006	12	26	4	30	2006	12	28	11	30	55	0
R	2006	12	28	11	30	2006	12	29	6	0	18	30
Y	2006	12	29	6	0	2006	12	29	18	0	12	0
Y	2006	12	30	6	45	2007	1	1	18	0	59	15
Y	2007	1	5	6	0	2007	1	6	11	30	29	30
R	2007	1	6	11	30	2007	1	10	16	30	101	0
Y	2007	1	13	6	0	2007	1	14	18	0	36	0
Y	2007	1	24	6	0	2007	1	26	16	0	58	0
R	2007	1	26	16	0	2007	1	30	6	0	86	0
R	2007	1	30	13	30	2007	2	3	6	0	88	30
Y	2007	2	3	11	0	2007	2	5	6	0	43	0
Y	2007	2	5	12	15	2007	2	6	6	0	17	45
Y	2007	4	1	6	0	2007	4	1	18	0	12	0
Y	2007	4	5	6	15	2007	4	6	6	0	23	45
Y	2007	4	8	6	0	2007	4	9	23	15	41	15
R	2007	4	12	8	45	2007	4	12	23	15	14	30
Y	2007	4	14	12	0	2007	4	14	18	0	6	0
Y	2007	4	15	6	0	2007	4	15	18	0	12	0
R	2007	4	18	11	0	2007	4	19	6	0	19	0
R	2007	5	2	11	30	2007	5	2	18	0	6	30
R	2007	5	6	11	0	2007	5	8	6	0	43	0
R	2007	9	18	6	0	2007	9	20	23	15	65	15
Y	2007	9	22	6	0	2007	9	23	3	0	21	0
Y	2007	9	26	6	0	2007	9	26	22	15	16	15
Y	2007	9	29	6	0	2007	10	1	6	0	48	0
Y	2007	10	6	6	0	2007	10	7	6	0	24	0
R	2007	10	7	6	0	2007	10	8	6	0	24	0
R	2007	10	9	6	0	2007	10	10	6	0	24	0
Y	2007	10	13	11	30	2007	10	13	16	45	5	15
Y	2007	10	14	11	30	2007	10	14	18	0	6	30
R	2007	10	16	6	0	2007	10	16	18	0	12	0
R	2007	10	17	6	0	2007	10	17	18	0	12	0
R	2007	10	19	6	0	2007	10	21	6	0	48	0
Y	2007	10	21	6	0	2007	10	22	6	0	24	0
Y	2007	10	27	6	0	2007	10	28	18	0	36	0
Y	2007	11	3	6	0	2007	11	4	6	0	24	0
R	2007	11	4	6	0	2007	11	4	23	15	17	15
R	2007	11	5	5	42	2007	11	8	6	0	72	18
R	2007	11	9	12	30	2007	11	10	6	0	17	30
Y	2007	11	10	6	0	2007	11	12	6	0	48	0
R	2007	11	12	13	15	2007	11	12	18	0	4	45
Y	2007	11	18	6	0	2007	11	19	6	0	24	0
R	2007	11	19	6	0	2007	11	20	18	0	36	0
R	2007	11	21	11	45	2007	11	21	20	30	8	45
R	2007	11	22	11	45	2007	11	22	18	0	6	15
R	2007	11	23	11	45	2007	11	24	18	0	30	15
Y	2007	11	24	18	0	2007	11	26	6	0	36	0
R	2007	11	26	6	0	2007	12	1	6	0	120	0
Y	2007	12	1	6	0	2007	12	3	6	0	48	0
R	2007	12	3	11	0	2007	12	5	6	0	43	0
R	2007	12	7	11	30	2007	12	7	23	15	11	45
Y	2007	12	9	6	0	2007	12	9	18	0	12	0
Y	2007	12	16	6	0	2007	12	16	23	0	17	0
Y	2007	12	25	0	0	2007	12	27	6	0	54	0
Y	2007	12	29	6	0	2007	12	30	6	0	24	0
R	2007	12	30	6	0	2008	1	4	6	0	120	0
Y	2008	1	4	6	0	2008	1	5	11	0	29	0
R	2008	1	5	11	0	2008	1	6	6	0	19	0
Y	2008	1	6	6	0	2008	1	7	6	0	24	0
Y	2008	1	7	11	30	2008	1	8	6	0	18	30
Y	2008	1	14	6	0	2008	1	14	18	0	12	0
Y	2008	1	16	11	45	2008	1	17	3	45	16	0
Y	2008	1	20	12	30	2008	1	21	6	0	17	30
Y	2008	1	21	11	45	2008	1	21	23	15	11	30
Y	2008	1	23	6	0	2008	1	24	6	0	24	0
Y	2008	2	3	6	0	2008	2	4	6	0	24	0
Y	2008	2	6	12	0	2008	2	6	23	30	11	30
Y	2008	2	7	11	30	2008	2	9	6	0	42	30
R	2008	2	9	6	0	2008	2	11	16	0	58	0
R	2008	2	12	6	0	2008	2	15	23	30	89	30
Y	2008	2	17	11	15	2008	2	17	18	0	6	45
Y	2008	2	18	12	0	2008	2	18	23	0	11	0
Y	2008	2	20	6	0	2008	2	21	21	15	39	15
Y	2008	2	27	6	0	2008	2	27	23	15	17	15
Y	2008	2	28	6	0	2008	3	1	6	0	48	0
R	2008	3	1	6	0	2008	3	4	18	0	84	0
Y	2008	3	4	18	0	2008	3	5	6	0	12	0
R	2008	3	5	6	0	2008	3	7	6	0	48	0
Y	2008	3	7	6	0	2008	3	7	18	0	12	0
Y	2008	3	8	11	0	2008	3	9	18	0	31	0
Y	2008	3	15	6	0	2008	3	16	20	45	38	45
Y	2008	3	23	6	45	2008	3	24	11	15	28	30
R	2008	3	24	11	15	2008	3	24	23	15	12	0
Y	2008	4	6	6	0	2008	4	6	18	0	12	0
Y	2008	4	26	13	30	2008	4	27	6	0	16	30
R	2008	5	13	6	0	2008	5	14	6	0	24	0
R	2008	9	13	6	0	2008	9	16	6	0	72	0
Y	2008	9	28	6	0	2008	9	29	6	0	24	0
R	2008	9	29	11	30	2008	9	30	6	0	18	30
Y	2008	10	1	6	0	2008	10	1	23	15	17	15
Y	2008	10	7	0	0	2008	10	7	21	0	21	0
Y	2008	10	11	6	0	2008	10	12	16	45	34	45
Y	2008	10	15	11	15	2008	10	15	18	0	6	45
Y	2008	10	19	6	0	2008	10	19	23	45	17	45
Y	2008	10	26	6	0	2008	10	26	18	0	12	0
Y	2008	11	9	0	0	2008	11	10	0	30	24	30
R	2008	11	10	0	30	2008	11	13	23	15	94	45
R	2008	11	14	11	45	2008	11	14	19	45	8	0
Y	2008	11	16	0	0	2008	11	16	22	15	22	15
R	2008	11	19	0	0	2008	11	22	6	0	78	0
Y	2008	11	22	6	0	2008	11	23	23	15	41	15
R	2008	11	24	6	0	2008	12	3	6	0	216	0
R	2008	12	5	6	0	2008	12	12	6	0	168	0
Y	2008	12	12	6	0	2008	12	12	18	0	12	0
Y	2008	12	13	6	0	2008	12	13	12	15	6	15
R	2008	12	13	12	15	2008	12	16	6	0	65	45
Y	2008	12	16	6	0	2008	12	16	12	45	6	45
R	2008	12	16	12	45	2008	12	17	6	0	17	15
Y	2008	12	17	6	0	2008	12	18	11	40	29	40
R	2008	12	18	11	40	2008	12	18	18	0	6	20
Y	2008	12	18	18	0	2008	12	21	6	0	60	0
R	2008	12	21	6	0	2008	12	25	18	0	108	0
Y	2008	12	25	18	0	2008	12	27	6	0	36	0
Y	2008	12	28	6	0	2008	12	28	13	45	7	45
Y	2008	12	31	18	0	2009	1	1	6	0	12	0
R	2009	1	1	6	0	2009	1	3	6	0	48	0
Y	2009	1	3	6	0	2009	1	3	11	0	5	0
R	2009	1	3	11	0	2009	1	4	6	0	19	0
Y	2009	1	4	6	0	2009	1	5	18	0	36	0
Y	2009	1	6	6	3	2009	1	6	18	0	11	57
Y	2009	1	7	6	0	2009	1	8	6	0	24	0
R	2009	1	8	6	0	2009	1	15	6	0	168	0
Y	2009	1	15	6	0	2009	1	15	11	30	5	30
R	2009	1	15	11	30	2009	1	16	18	0	30	30
Y	2009	1	16	18	0	2009	1	17	11	15	17	15
R	2009	1	17	11	15	2009	1	17	18	0	6	45
Y	2009	1	17	18	0	2009	1	19	6	0	36	0
Y	2009	1	19	13	15	2009	1	19	19	45	6	30
Y	2009	1	22	6	0	2009	1	24	6	0	48	0
R	2009	1	24	6	0	2009	1	25	18	0	36	0
Y	2009	1	25	18	0	2009	1	28	18	0	72	0
Y	2009	1	30	6	0	2009	1	30	18	0	12	0
Y	2009	2	1	6	0	2009	2	2	18	0	36	0
Y	2009	2	8	6	0	2009	2	9	6	0	24	0
R	2009	3	14	6	0	2009	3	14	18	0	12	0
Y	2009	3	14	18	0	2009	3	16	6	0	36	0
Y	2009	4	4	6	30	2009	4	4	18	0	11	30
Y	2009	4	5	6	0	2009	4	5	18	0	12	0
R	2009	4	9	6	0	2009	4	11	6	0	48	0
Y	2009	4	11	6	0	2009	4	12	18	0	36	0
R	2009	4	28	6	0	2009	4	29	6	15	24	15
R	2009	5	7	6	0	2009	5	8	6	0	24	0
R	2009	5	30	11	0	2009	5	31	6	0	19	0
Y	2009	9	20	6	0	2009	9	20	18	0	12	0
Y	2009	9	26	6	0	2009	9	27	22	45	40	45
Y	2009	10	1	6	0	2009	10	1	18	0	12	0
Y	2009	10	2	18	0	2009	10	4	6	0	36	0
R	2009	10	4	6	0	2009	10	4	18	0	12	0
R	2009	10	5	6	0	2009	10	7	3	55	45	55
R	2009	10	7	12	0	2009	10	9	18	0	54	0
Y	2009	10	10	6	0	2009	10	11	6	0	24	0
Y	2009	10	17	11	0	2009	10	18	18	0	31	0
R	2009	10	23	11	30	2009	10	24	6	0	18	30
Y	2009	10	24	6	0	2009	10	26	18	0	60	0
Y	2009	10	31	6	0	2009	11	1	18	0	36	0
R	2009	11	1	18	0	2009	11	5	6	0	84	0
Y	2009	11	8	6	0	2009	11	8	18	0	12	0
Y	2009	11	14	6	0	2009	11	14	18	0	12	0
Y	2009	11	21	6	0	2009	11	22	11	30	29	30
R	2009	11	22	11	30	2009	11	23	12	15	24	45
Y	2009	11	28	6	10	2009	11	30	6	0	47	50
R	2009	12	3	6	0	2009	12	3	18	0	12	0
R	2009	12	5	6	0	2009	12	5	18	0	12	0
Y	2009	12	5	18	0	2009	12	6	23	20	29	20
Y	2009	12	13	6	0	2009	12	13	23	0	17	0
R	2009	12	19	6	0	2009	12	22	6	0	72	0
Y	2009	12	25	6	0	2009	12	25	15	0	9	0
Y	2009	12	26	6	5	2009	12	26	18	0	11	55
Y	2010	1	1	6	0	2010	1	1	23	15	17	15
Y	2010	1	10	6	0	2010	1	10	18	0	12	0
Y	2010	1	12	6	0	2010	1	13	6	0	24	0
R	2010	1	13	6	0	2010	1	14	6	0	24	0
Y	2010	1	14	6	0	2010	1	15	6	0	24	0
R	2010	1	15	12	45	2010	1	17	6	0	41	15
Y	2010	1	17	6	0	2010	1	17	18	0	12	0
Y	2010	2	21	11	30	2010	2	21	18	0	6	30
R	2010	3	10	6	0	2010	3	11	18	0	36	0
R	2010	3	26	6	0	2010	3	29	18	0	84	0
Y	2010	4	24	11	0	2010	4	25	23	15	36	15
R	2010	5	24	8	0	2010	5	24	18	0	10	0
Y	2010	9	26	10	0	2010	9	26	18	0	8	0
Y	2010	10	1	11	0	2010	10	1	18	0	7	0
Y	2010	10	3	6	0	2010	10	3	18	0	12	0
Y	2010	10	16	6	0	2010	10	17	19	0	37	0
R	2010	10	19	6	0	2010	10	20	18	0	36	0
Y	2010	10	23	11	0	2010	10	24	18	0	31	0
R	2010	10	27	6	0	2010	11	1	9	15	123	15
R	2010	11	3	6	30	2010	11	3	18	0	11	30
Y	2010	11	7	11	45	2010	11	7	20	45	9	0
R	2010	11	8	9	30	2010	11	9	19	45	34	15
R	2010	11	11	11	30	2010	11	11	19	45	8	15
R	2010	11	12	11	30	2010	11	12	18	0	6	30
Y	2010	11	13	6	30	2010	11	13	18	0	11	30
Y	2010	11	14	6	0	2010	11	14	18	0	12	0
Y	2010	11	20	6	0	2010	11	20	18	0	12	0
Y	2010	11	21	6	0	2010	11	21	18	0	12	0
R	2010	11	25	6	30	2010	11	26	18	0	35	30
Y	2010	11	27	11	30	2010	11	27	18	0	6	30
Y	2010	11	28	6	30	2010	11	28	20	0	13	30
R	2010	12	3	6	0	2010	12	3	23	30	17	30
Y	2010	12	4	6	0	2010	12	4	12	0	6	0
R	2010	12	4	12	0	2010	12	5	6	0	18	0
Y	2010	12	5	6	0	2010	12	5	24	0	18	0
R	2010	12	6	14	15	2010	12	9	18	0	75	45
R	2010	12	17	3	45	2010	12	18	18	0	38	15
Y	2010	12	18	18	0	2010	12	19	18	0	24	0
R	2010	12	22	6	15	2010	12	22	21	0	14	45
R	2010	12	26	6	30	2010	12	27	23	45	41	15
R	2010	12	28	6	30	2011	1	1	23	55	113	25
Y	2011	1	1	23	55	2011	1	3	10	55	35	0
Y	2011	1	7	0	0	2011	1	9	6	0	54	0
R	2011	1	9	6	0	2011	1	11	6	45	48	45
Y	2011	1	14	6	0	2011	1	15	6	0	24	0
R	2011	1	15	6	0	2011	1	16	22	45	40	45
R	2011	1	17	6	0	2011	1	17	20	45	14	45
R	2011	1	21	6	0	2011	1	22	6	0	24	0
Y	2011	1	22	6	0	2011	1	23	20	0	38	0
Y	2011	1	24	6	0	2011	1	25	7	45	25	45
Y	2011	1	26	11	30	2011	1	26	18	0	6	30
R	2011	1	28	22	45	2011	1	31	22	0	71	15
Y	2011	2	1	6	0	2011	2	1	18	3	12	3
Y	2011	2	2	6	0	2011	2	2	12	0	6	0
R	2011	2	2	12	0	2011	2	2	22	45	10	45
Y	2011	2	3	6	0	2011	2	6	11	0	77	0
R	2011	2	6	11	0	2011	2	6	21	0	10	0
Y	2011	2	7	6	0	2011	2	7	23	15	17	15
Y	2011	2	22	6	0	2011	2	22	22	30	16	30
Y	2011	2	23	6	0	2011	2	23	21	0	15	0
Y	2011	2	26	6	0	2011	2	26	18	0	12	0
Y	2011	3	4	6	0	2011	3	4	18	0	12	0
Y	2011	3	7	12	30	2011	3	7	19	0	6	30
Y	2011	3	16	6	30	2011	3	16	7	45	1	15
R	2011	3	16	7	45	2011	3	16	19	30	11	45
R	2011	3	17	6	0	2011	3	17	21	36	15	36
Y	2011	3	23	6	5	2011	3	23	18	0	11	55
R	2011	3	26	6	15	2011	3	27	1	45	19	30
Y	2011	3	27	7	0	2011	3	27	10	45	03	45
R	2011	3	28	11	15	2011	3	28	23	15	12	00
R	2011	3	29	6	0	2011	3	30	6	25	24	25
R	2011	3	31	6	0	2011	3	31	23	15	17	15
R	2011	4	1	6	0	2011	4	1	18	0	12	00
Y	2011	4	2	6	30	2011	4	2	18	0	11	30
Y	2011	4	3	6	0	2011	4	3	18	0	12	00
Y	2011	4	5	6	30	2011	4	5	20	45	14	15
R	2011	4	6	10	0	2011	4	6	18	30	08	30
Y	2011	4	10	11	0	2011	4	10	18	0	07	00
R	2011	4	13	6	0	2011	4	13	19	45	13	45
R	2011	4	19	6	0	2011	4	19	18	30	12	30
R	2011	4	24	6	0	2011	4	24	23	15	17	15
Y	2011	4	25	6	0	2011	4	25	22	0	16	00
R	2011	5	18	9	30	2011	5	18	18	0	08	30
R	2011	5	28	9	45	2011	5	28	18	0	08	15
Y	2011	9	13	11	45	2011	9	13	18	15	06	30
Y	2011	10	5	6	0	2011	10	5	21	0	15	00
Y	2011	10	8	6	30	2011	10	8	20	30	14	00
Y	2011	10	9	6	0	2011	10	9	23	45	17	45
Y	2011	10	16	6	0	2011	10	16	23	0	17	00
R	2011	10	17	9	45	2011	10	17	19	0	09	15
Y	2011	10	23	6	15	2011	10	23	18	0	11	45
Y	2011	10	29	6	0	2011	10	30	21	30	39	30
Y	2011	11	6	6	0	2011	11	6	18	0	12	00
Y	2011	11	13	6	0	2011	11	13	18	0	12	00
Y	2011	11	20	6	0	2011	11	20	18	0	12	00
R	2011	11	23	6	0	2011	11	24	19	10	37	10
Y	2011	11	27	6	0	2011	11	27	19	0	13	00
R	2011	12	2	9	0	2011	12	4	6	0	45	00
Y	2011	12	4	6	0	2011	12	4	19	45	13	45
R	2011	12	9	6	0	2011	12	13	18	0	108	00
R	2011	12	15	6	0	2011	12	18	18	0	84	00
R	2011	12	22	6	0	2011	12	27	6	0	120	00
Y	2011	12	27	6	0	2011	12	27	18	0	12	00
Y	2012	1	1	6	0	2012	1	2	18	0	36	00
Y	2012	1	8	6	0	2012	1	8	22	0	16	00
R	2012	1	31	6	0	2012	1	31	19	30	13	30
Y	2012	2	12	8	0	2012	2	12	21	45	13	45
Y	2012	2	18	6	0	2012	2	19	21	30	39	30
R	2012	3	24	6	0	2012	3	25	6	0	24	00
Y	2012	3	25	6	0	2012	3	25	22	0	16	00
R	2012	3	26	6	0	2012	3	27	20	0	38	00
Y	2012	3	31	12	0	2012	4	1	21	30	33	30
Y	2012	4	4	6	0	2012	4	4	18	5	12	05
Y	2012	4	7	6	0	2012	4	7	18	0	12	00
Y	2012	4	22	6	0	2012	4	22	21	0	15	00
R	2012	9	16	7	45	2012	9	18	19	45	60	00
R	2012	9	28	6	0	2012	10	1	6	0	72	00
Y	2012	10	1	6	0	2012	10	2	22	0	40	00
R	2012	10	5	12	15	2012	10	6	6	0	17	45
Y	2012	10	6	6	0	2012	10	7	22	30	40	30
R	2012	10	10	6	0	2012	10	10	23	15	17	15
R	2012	10	11	9	30	2012	10	12	18	0	32	30
Y	2012	10	12	18	0	2012	10	14	18	0	48	00
R	2012	10	18	6	0	2012	10	18	18	0	12	00
Y	2012	10	20	6	0	2012	10	21	21	15	39	15
R	2012	10	22	12	15	2012	10	23	19	5	30	50
Y	2012	10	28	6	0	2012	10	28	18	0	12	00
R	2012	11	1	6	0	2012	11	1	21	0	15	00
Y	2012	11	4	6	0	2012	11	4	19	34	13	34
R	2012	11	6	6	0	2012	11	6	21	30	15	30
Y	2012	11	11	11	20	2012	11	11	23	45	12	25
Y	2012	12	9	6	0	2012	12	9	23	15	17	15
R	2012	12	23	6	0	2012	12	23	23	45	17	45
Y	2012	12	25	6	0	2012	12	26	18	0	36	00
Y	2012	12	30	6	0	2012	12	30	12	45	06	45
R	2012	12	30	12	45	2013	1	1	23	45	59	00
Y	2013	1	5	6	0	2013	1	6	19	45	37	45
R	2013	1	9	6	0	2013	1	10	18	0	36	00
Y	2013	1	12	6	0	2013	1	13	21	0	39	00
R	2013	1	14	6	0	2013	1	14	20	40	14	40
Y	2013	1	17	6	0	2013	1	18	19	45	37	45
Y	2013	1	20	6	0	2013	1	20	18	0	12	00
Y	2013	1	27	11	0	2013	1	27	18	0	07	00
Y	2013	1	28	9	30	2013	1	28	21	0	11	30
Y	2013	1	29	6	45	2013	1	30	21	0	38	15
Y	2013	1	31	6	0	2013	1	31	21	0	15	00
Y	2013	2	10	6	0	2013	2	10	18	0	12	00
Y	2013	2	11	6	0	2013	2	11	21	15	15	15
Y	2013	2	12	6	0	2013	2	13	19	15	37	15
Y	2013	2	17	6	30	2013	2	17	18	0	11	30
Y	2013	2	22	10	0	2013	2	23	18	0	32	00
Y	2013	2	24	6	0	2013	2	24	18	0	12	00
Y	2013	3	3	6	55	2013	3	4	6	0	23	05
R	2013	3	4	6	0	2013	3	9	23	0	137	00
Y	2013	3	9	23	0	2013	3	10	21	0	22	00
Y	2013	3	16	6	0	2013	3	16	20	0	14	00
Y	2013	4	7	6	0	2013	4	7	18	0	12	00
Y	2013	4	13	6	0	2013	4	13	18	0	12	00
Y	2013	4	14	6	30	2013	4	14	20	30	14	00
Y	2013	9	15	6	0	2013	9	15	14	0	08	00
Y	2013	9	19	12	0	2013	9	21	23	55	59	55
R	2013	10	4	12	50	2013	10	4	18	0	05	10
Y	2013	10	5	6	0	2013	10	6	6	0	24	00
R	2013	10	6	6	0	2013	10	8	17	0	59	00
Y	2013	10	12	6	0	2013	10	14	19	45	61	45
Y	2013	10	19	6	0	2013	10	20	20	0	38	00
R	2013	10	23	6	0	2013	10	27	6	0	96	00
Y	2013	10	27	6	0	2013	10	27	22	0	16	00
Y	2013	11	16	6	0	2013	11	17	6	0	24	00
R	2013	11	17	6	0	2013	11	19	21	0	63	00
R	2013	11	25	6	0	2013	11	26	6	0	24	00
R	2013	11	29	0	0	2013	12	2	21	45	93	45
R	2013	12	3	18	0	2013	12	7	6	0	84	00
Y	2013	12	7	6	0	2013	12	8	21	30	39	30
R	2013	12	11	6	15	2013	12	11	23	0	16	45
Y	2013	12	21	6	0	2013	12	22	6	0	24	00
R	2013	12	22	6	0	2013	12	22	22	45	16	45
R	2013	12	23	11	50	2014	1	2	0	15	228	25
Y	2014	1	3	6	0	2014	1	4	6	0	24	00
R	2014	1	4	6	0	2014	1	5	20	30	38	30
Y	2014	1	11	11	45	2014	1	18	6	0	162	15
R	2014	1	18	6	0	2014	1	19	6	0	24	00
Y	2014	1	19	6	0	2014	1	20	6	0	24	00
R	2014	1	20	6	0	2014	1	23	6	0	72	00
Y	2014	1	23	6	0	2014	1	23	23	15	17	15
Y	2014	1	26	6	0	2014	1	27	22	0	40	00
Y	2014	1	29	6	0	2014	1	29	19	30	13	30
Y	2014	1	30	6	0	2014	1	30	19	0	13	00
Y	2014	1	31	6	0	2014	1	31	21	45	15	45
Y	2014	2	1	12	0	2014	2	1	20	45	08	45
Y	2014	2	2	6	0	2014	2	3	24	0	42	00
Y	2014	2	14	12	0	2014	2	14	23	0	11	00
Y	2014	2	20	6	0	2014	2	20	22	45	16	45
Y	2014	2	23	11	45	2014	2	23	21	0	09	15
Y	2014	3	15	12	0	2014	3	16	20	0	32	00
Y	2014	3	22	6	0	2014	3	23	21	10	39	10
Y	2014	4	5	6	0	2014	4	5	11	45	05	45
R	2014	4	5	11	45	2014	4	6	6	0	18	15
Y	2014	4	6	6	0	2014	4	6	11	15	05	15
Y	2014	4	13	6	0	2014	4	13	20	30	14	30
Y	2014	4	19	11	30	2014	4	19	20	30	09	00
Y	2014	4	20	6	0	2014	4	20	20	0	14	00
R	2014	6	13	11	45	2014	6	13	20	35	08	50
Y	2014	9	9	6	0	2014	9	9	21	30	15	30
Y	2014	9	20	7	0	2014	9	21	23	45	40	45
Y	2014	9	27	12	0	2014	9	28	20	0	32	00
Y	2014	10	2	6	0	2014	10	2	19	45	13	45
Y	2014	10	5	6	30	2014	10	5	21	45	15	15
R	2014	10	6	6	0	2014	10	6	22	45	16	45
R	2014	10	9	6	0	2014	10	9	19	0	13	00
Y	2014	10	11	6	0	2014	10	12	6	0	24	00
R	2014	10	12	6	0	2014	10	13	21	30	39	30
Y	2014	10	18	6	0	2014	10	19	23	15	41	15
Y	2014	10	26	6	0	2014	10	26	21	30	15	30
Y	2014	11	2	12	5	2014	11	2	23	45	11	40
Y	2014	11	16	6	0	2014	11	17	1	0	19	00
Y	2014	11	23	6	0	2014	11	23	18	0	12	00
Y	2014	12	6	11	5	2014	12	6	18	0	06	55
R	2014	12	12	6	0	2014	12	14	23	0	65	00
R	2014	12	16	6	0	2014	12	18	18	0	60	00
Y	2014	12	20	6	0	2014	12	21	6	0	24	00
R	2014	12	21	6	0	2014	12	22	18	0	36	00
R	2014	12	29	6	0	2014	12	29	21	45	15	45
Y	2015	1	1	6	0	2015	1	1	11	0	05	00
R	2015	1	1	11	0	2015	1	1	19	45	08	45
Y	2015	1	3	6	0	2015	1	3	20	45	14	45
Y	2015	1	10	6	0	2015	1	10	19	0	13	00
Y	2015	1	11	11	50	2015	1	11	18	0	06	10
R	2015	1	15	6	0	2015	1	15	21	0	15	00
Y	2015	1	17	6	0	2015	1	18	24	0	42	00
R	2015	1	19	0	0	2015	1	19	21	45	21	45
R	2015	1	22	6	0	2015	1	22	23	15	17	15
Y	2015	1	30	6	0	2015	1	31	6	0	24	00
Y	2015	2	1	11	45	2015	2	1	20	45	09	00
Y	2015	2	5	6	0	2015	2	6	12	0	30	00
R	2015	2	8	6	0	2015	2	8	23	45	17	45
Y	2015	2	9	6	0	2015	2	9	19	0	13	00
Y	2015	2	10	6	0	2015	2	10	21	30	15	30
Y	2015	2	12	6	0	2015	2	13	6	0	24	00
R	2015	2	13	6	0	2015	2	14	6	0	24	00
Y	2015	2	14	6	0	2015	2	14	20	45	14	45
Y	2015	2	19	12	0	2015	2	19	17	0	05	00
Y	2015	3	1	6	0	2015	3	1	23	15	17	15
Y	2015	3	22	12	0	2015	3	22	23	45	11	45
Y	2015	3	29	6	0	2015	3	29	21	45	15	45
Y	2015	4	3	6	0	2015	4	3	20	45	14	45
Y	2015	4	4	11	45	2015	4	4	18	45	07	00
Y	2015	4	5	6	0	2015	4	5	21	30	15	30
Y	2015	4	6	6	0	2015	4	6	21	30	15	30
Y	2015	4	12	11	0	2015	4	12	20	45	09	45
R	2015	4	13	6	0	2015	4	16	20	30	86	30
Y	2015	4	25	6	0	2015	4	25	18	0	12	00
Y	2015	4	26	6	0	2015	4	26	19	45	13	45
Y	2015	9	28	6	0	2015	9	28	23	45	17	45
R	2015	9	29	11	45	2015	9	29	21	0	09	15
Y	2015	10	17	6	0	2015	10	17	12	50	06	50
R	2015	10	17	12	50	2015	10	17	19	45	06	55
Y	2015	10	18	6	0	2015	10	18	12	30	06	30
R	2015	10	18	12	30	2015	10	18	18	45	06	15
R	2015	10	19	6	0	2015	10	21	19	45	61	45
Y	2015	10	25	6	0	2015	10	25	18	0	12	00
Y	2015	11	1	6	0	2015	11	1	19	45	13	45
Y	2015	11	22	6	0	2015	11	22	18	0	12	00
R	2015	11	26	6	0	2015	11	27	18	0	36	00
Y	2015	11	29	6	0	2015	11	29	18	0	12	00
Y	2015	12	6	11	0	2015	12	6	18	0	07	00
R	2015	12	16	6	0	2015	12	19	6	0	72	00
Y	2015	12	19	6	0	2015	12	20	11	30	29	30
Y	2015	12	26	6	0	2015	12	26	23	15	17	15
Y	2016	1	1	6	0	2016	1	1	20	45	14	45
R	2016	1	25	6	0	2016	1	26	13	15	31	15
R	2016	2	6	6	0	2016	2	10	7	45	97	45
Y	2016	2	20	11	0	2016	2	20	23	0	12	00
Y	2016	2	28	6	0	2016	2	28	19	30	13	30
R	2016	2	29	9	45	2016	2	29	19	45	10	00
Y	2016	3	6	11	30	2016	3	6	18	0	06	30
Y	2016	3	25	13	45	2016	3	26	6	0	16	15
R	2016	3	26	6	0	2016	3	28	20	45	62	45
R	2016	3	29	11	30	2016	3	29	18	20	06	50
Y	2016	9	15	6	0	2016	9	18	19	30	85	30
Y	2016	9	25	6	0	2016	9	25	18	0	12	00
Y	2016	10	9	6	0	2016	10	9	20	45	14	45
Y	2016	10	10	6	0	2016	10	10	21	0	15	00
Y	2016	10	16	6	0	2016	10	16	18	0	12	00
Y	2016	10	30	6	0	2016	10	30	22	30	16	30
Y	2016	11	6	6	0	2016	11	6	18	0	12	00
Y	2016	11	13	11	30	2016	11	13	18	0	06	30
Y	2016	11	20	9	45	2016	11	20	18	0	08	15
Y	2016	11	27	11	45	2016	11	27	18	30	06	45
Y	2016	12	4	6	0	2016	12	4	18	0	12	00
R	2016	12	6	8	30	2016	12	7	20	0	35	30
R	2016	12	8	6	15	2016	12	8	18	0	11	45
Y	2016	12	11	6	0	2016	12	11	19	0	13	00
Y	2016	12	17	6	0	2016	12	17	19	45	13	45
Y	2016	12	18	6	0	2016	12	18	18	0	12	00
Y	2016	12	25	6	0	2016	12	25	18	0	12	00
Y	2016	12	26	6	0	2016	12	27	11	45	29	45
R	2016	12	27	11	45	2016	12	28	0	45	13	00
R	2016	12	29	6	0	2016	12	30	23	15	41	15
Y	2016	12	31	11	30	2016	12	31	18	0	06	30
Y	2017	1	1	6	0	2017	1	1	18	0	12	00
Y	2017	1	2	6	0	2017	1	2	18	0	12	00
Y	2017	1	8	6	0	2017	1	8	18	0	12	00
R	2017	1	21	6	0	2017	1	22	21	30	39	30
R	2017	1	27	11	45	2017	1	27	19	45	08	00
Y	2017	1	28	7	45	2017	1	28	13	0	05	15
R	2017	2	9	7	45	2017	2	12	6	0	70	15
Y	2017	2	12	6	0	2017	2	12	23	0	17	00
R	2017	2	13	11	30	2017	2	13	19	30	08	00
R	2017	2	14	7	45	2017	2	14	22	45	15	00
R	2017	2	15	7	45	2017	2	15	21	45	14	00
Y	2017	2	18	6	0	2017	2	18	18	0	12	00
Y	2017	2	19	6	0	2017	2	19	11	45	05	45
Y	2017	2	26	11	30	2017	2	26	18	0	06	30
R	2017	2	27	13	0	2017	2	27	22	45	09	45
R	2017	3	2	6	0	2017	3	2	23	0	17	00
Y	2017	3	5	6	0	2017	3	5	16	15	10	15
R	2017	3	27	6	0	2017	3	27	21	15	15	15
Y	2017	4	1	6	0	2017	4	1	19	30	13	30
Y	2017	4	2	6	0	2017	4	2	10	30	04	30
R	2017	4	2	10	30	2017	4	2	23	15	12	45
Y	2017	4	4	6	0	2017	4	4	18	0	12	00
Y	2017	4	9	11	45	2017	4	9	18	0	06	15
Y	2017	4	14	11	0	2017	4	14	18	0	07	00
Y	2017	4	16	12	15	2017	4	16	18	0	05	45
Y	2017	4	17	11	0	2017	4	17	18	0	07	00
Y	2017	4	29	8	0	2017	4	29	18	0	10	00
Y	2017	4	30	6	0	2017	4	30	18	0	12	00
Y	2017	5	1	6	0	2017	5	1	18	0	12	00
R	2017	5	27	11	45	2017	5	27	20	45	09	00
Y	2017	10	5	8	30	2017	10	5	18	45	10	15
Y	2017	10	7	8	30	2017	10	7	18	0	09	30
Y	2017	10	8	6	0	2017	10	8	18	0	12	00
Y	2017	10	14	6	0	2017	10	14	17	0	11	00
Y	2017	10	21	6	0	2017	10	22	6	0	24	00
R	2017	10	22	6	0	2017	10	23	19	15	37	15
R	2017	10	24	11	0	2017	10	24	19	30	08	30
R	2017	10	27	9	45	2017	10	31	21	0	107	15
R	2017	11	3	11	15	2017	11	3	19	0	07	45
R	2017	11	4	9	45	2017	11	5	20	30	34	45
Y	2017	11	26	11	10	2017	11	26	18	0	06	50
Y	2017	12	3	6	0	2017	12	3	18	0	12	00
R	2017	12	8	6	0	2017	12	11	21	30	87	30
R	2017	12	17	6	0	2017	12	21	20	40	110	40
Y	2017	12	24	6	0	2017	12	24	11	30	05	30
R	2017	12	24	11	30	2017	12	25	21	0	33	30
Y	2017	12	26	6	0	2017	12	26	19	30	13	30
Y	2017	12	30	10	30	2017	12	30	19	40	09	10
Y	2017	12	31	6	0	2017	12	31	19	40	13	40
Y	2018	1	1	6	0	2018	1	1	18	0	12	00
R	2018	1	10	6	0	2018	1	13	6	0	72	00
Y	2018	1	13	6	0	2018	1	13	19	40	13	40
Y	2018	1	14	6	0	2018	1	14	19	15	13	15
Y	2018	1	21	11	45	2018	1	21	19	0	07	15
Y	2018	2	1	6	0	2018	2	3	6	0	48	00
R	2018	2	3	6	0	2018	2	7	6	0	96	00
Y	2018	2	7	6	0	2018	2	8	19	0	37	00
Y	2018	2	11	6	0	2018	2	11	20	45	14	45
R	2018	2	12	6	0	2018	2	12	22	30	16	30
Y	2018	2	14	7	20	2018	2	14	21	30	14	10
R	2018	3	9	6	0	2018	3	9	23	10	17	10
Y	2018	3	10	7	30	2018	3	10	21	0	13	30
Y	2018	3	11	6	0	2018	3	11	19	0	13	00
Y	2018	3	18	6	0	2018	3	18	18	0	12	00
R	2018	3	21	6	0	2018	3	23	21	45	63	45
Y	2018	3	25	10	30	2018	3	25	21	45	11	15
Y	2018	3	30	6	0	2018	3	30	18	45	12	45
R	2018	3	31	6	0	2018	3	31	19	45	13	45
Y	2018	4	1	6	0	2018	4	2	21	0	39	00
Y	2018	4	5	6	0	2018	4	5	19	30	13	30
R	2018	4	7	9	30	2018	4	8	20	45	35	15
Y	2018	9	25	10	0	2018	9	25	18	0	08	00
R	2018	9	29	6	0	2018	9	30	20	45	38	45
Y	2018	10	1	9	10	2018	10	1	20	0	10	50
R	2018	10	3	12	40	2018	10	3	19	40	07	00
R	2018	10	4	8	0	2018	10	6	21	0	61	00
Y	2018	10	7	6	0	2018	10	7	18	0	12	00
Y	2018	10	14	7	40	2018	10	14	18	0	10	20
Y	2018	10	21	7	45	2018	10	21	18	0	10	15
Y	2018	10	27	6	0	2018	10	28	6	0	24	00
R	2018	10	28	6	0	2018	11	1	19	0	109	00
Y	2018	11	11	6	0	2018	11	11	17	30	11	30
Y	2018	12	2	9	45	2018	12	2	18	0	08	15
Y	2018	12	16	6	0	2018	12	16	16	10	10	10
R	2018	12	17	6	0	2018	12	18	23	15	41	15
Y	2018	12	26	6	0	2018	12	26	18	0	12	00
Y	2018	12	29	6	0	2018	12	29	21	20	15	20
Y	2018	12	30	6	0	2018	12	30	21	30	15	30
Y	2019	1	1	6	0	2019	1	1	17	40	11	40
Y	2019	1	20	6	0	2019	1	20	18	30	12	30
R	2019	1	22	6	0	2019	1	23	18	45	36	45
Y	2019	1	26	6	0	2019	1	26	18	0	12	00
Y	2019	1	27	6	0	2019	1	27	18	50	12	50
Y	2019	3	16	7	40	2019	3	17	18	0	34	20
Y	2019	4	5	6	0	2019	4	5	19	15	13	15
Y	2019	4	7	6	0	2019	4	7	18	0	12	00
Y	2019	9	13	6	0	2019	9	14	11	0	29	00
R	2019	9	20	6	0	2019	9	23	19	45	85	45
Y	2019	9	28	6	0	2019	9	28	18	45	12	45
Y	2019	9	29	6	0	2019	9	29	18	0	12	00
Y	2019	10	1	6	0	2019	10	1	20	45	14	45
Y	2019	10	5	7	30	2019	10	5	19	0	11	30
Y	2019	10	19	7	45	2019	10	19	19	30	11	45
Y	2019	10	20	10	0	2019	10	20	18	45	08	45
Y	2019	10	26	6	0	2019	10	26	18	0	12	00
Y	2019	10	27	6	0	2019	10	27	18	0	12	00
R	2019	10	29	6	0	2019	10	29	19	0	13	00
Y	2019	11	3	6	0	2019	11	3	19	30	13	30
R	2019	11	4	6	0	2019	11	4	22	0	16	00
R	2019	11	5	7	30	2019	11	5	21	45	14	15
R	2019	11	7	6	0	2019	11	9	19	30	61	30
Y	2019	11	10	6	0	2019	11	10	19	0	13	00
Y	2019	11	17	6	0	2019	11	17	18	0	12	00
R	2019	11	19	6	0	2019	11	19	18	0	12	00
R	2019	11	21	13	50	2019	11	21	19	45	05	55
R	2019	11	22	6	45	2019	11	22	19	45	13	00
Y	2019	11	24	6	0	2019	11	24	18	0	12	00
R	2019	11	28	6	0	2019	11	29	19	0	37	00
Y	2019	11	30	6	0	2019	11	30	18	45	12	45
Y	2019	12	1	6	0	2019	12	1	20	0	14	00
R	2019	12	2	6	0	2019	12	5	10	0	76	00
R	2019	12	6	8	45	2019	12	8	23	0	62	15
R	2019	12	9	6	0	2019	12	9	21	15	15	15
R	2019	12	11	10	0	2019	12	11	20	30	10	30
Y	2019	12	22	9	45	2019	12	22	18	0	08	15
Y	2019	12	26	6	0	2019	12	27	19	30	37	30
Y	2019	12	28	6	0	2019	12	28	20	15	14	15
Y	2020	1	8	11	30	2020	1	8	22	0	10	30
Y	2020	1	12	10	30	2020	1	12	20	0	09	30
Y	2020	1	17	6	0	2020	1	17	21	45	15	45
Y	2020	1	19	6	0	2020	1	19	19	0	13	00
Y	2020	1	27	6	0	2020	1	27	16	10	10	10
Y	2020	1	28	11	40	2020	1	29	6	0	18	20
R	2020	1	29	6	0	2020	1	31	7	45	49	45
Y	2020	1	31	7	45	2020	1	31	23	55	16	10
Y	2020	2	2	6	0	2020	2	2	17	0	11	00
Y	2020	2	9	10	0	2020	2	9	19	0	09	00
Y	2020	2	16	11	15	2020	2	16	15	30	04	15
R	2020	2	17	6	0	2020	2	18	21	0	39	00
Y	2020	2	22	6	0	2020	2	22	18	30	12	30
Y	2020	2	23	6	0	2020	2	23	19	45	13	45
Y	2020	3	1	6	0	2020	3	1	18	0	12	00
Y	2020	3	15	6	0	2020	3	15	18	30	12	30
R	2020	4	10	6	0	2020	4	10	18	45	12	45
R	2020	4	12	6	0	2020	4	13	23	0	41	00
Y	2020	4	19	11	0	2020	4	19	18	0	07	00
Y	2020	4	26	8	45	2020	4	26	19	0	10	15
R	2020	4	28	6	0	2020	4	28	19	30	13	30
Y	2020	4	30	6	0	2020	4	30	19	0	13	00
Y	2020	5	1	10	0	2020	5	1	18	0	08	00
Y	2020	5	3	6	0	2020	5	3	18	45	12	45
Y	2020	10	1	11	0	2020	10	2	19	0	32	00
Y	2020	10	4	6	0	2020	10	4	18	0	12	00
Y	2020	10	10	6	0	2020	10	10	19	15	13	15
Y	2020	10	11	6	0	2020	10	11	19	0	13	00
Y	2020	10	17	6	0	2020	10	17	18	0	12	00
Y	2020	10	18	6	0	2020	10	18	18	0	12	00
R	2020	10	21	6	0	2020	10	24	6	0	72	00
Y	2020	10	24	6	0	2020	10	26	18	30	60	30
Y	2020	10	31	12	0	2020	10	31	20	0	08	00
Y	2020	11	1	6	0	2020	11	1	19	0	13	00
R	2020	11	7	6	0	2020	11	8	22	40	40	40
R	2020	11	9	11	0	2020	11	9	18	0	07	00
R	2020	11	10	11	0	2020	11	10	21	30	10	30
R	2020	11	11	8	0	2020	11	11	19	30	11	30
R	2020	11	12	11	30	2020	11	12	19	0	07	30
Y	2020	11	15	10	0	2020	11	15	18	0	08	00
Y	2020	11	22	6	0	2020	11	22	18	0	12	00
R	2020	11	28	6	0	2020	11	28	18	0	12	00
Y	2020	11	29	6	0	2020	11	29	23	0	17	00
Y	2020	12	5	6	0	2020	12	6	19	15	37	15
Y	2020	12	13	11	45	2020	12	13	19	0	07	15
Y	2020	12	19	6	0	2020	12	20	6	0	24	00
R	2020	12	20	6	0	2020	12	20	23	30	17	30
R	2020	12	21	6	0	2020	12	21	23	30	17	30
Y	2020	12	25	6	0	2020	12	25	18	0	12	00
Y	2020	12	26	6	0	2020	12	26	19	0	13	00
Y	2020	12	27	6	45	2020	12	27	19	0	12	15
R	2020	12	30	6	0	2021	1	2	20	0	86	00
Y	2021	1	3	6	0	2021	1	3	20	0	14	00
Y	2021	1	7	6	0	2021	1	8	6	0	24	00
R	2021	1	8	6	0	2021	1	14	23	0	161	00
Y	2021	1	15	8	0	2021	1	15	20	30	12	30
Y	2021	1	16	9	30	2021	1	16	19	0	09	30
R	2021	1	17	6	0	2021	1	18	22	30	40	30
Y	2021	1	25	6	0	2021	1	25	19	0	13	00
R	2021	1	28	6	0	2021	1	29	6	0	24	00
Y	2021	1	29	6	0	2021	1	29	20	45	14	45
Y	2021	1	30	6	0	2021	1	31	19	45	37	45
Y	2021	2	3	6	0	2021	2	3	20	0	14	00
Y	2021	2	4	6	0	2021	2	4	20	0	14	00
Y	2021	2	5	6	0	2021	2	5	20	45	14	45
Y	2021	2	6	6	30	2021	2	6	20	0	13	30
Y	2021	2	7	6	45	2021	2	7	20	0	13	15
Y	2021	2	12	6	0	2021	2	12	19	45	13	45
Y	2021	2	13	6	0	2021	2	13	19	0	13	00
Y	2021	2	14	6	0	2021	2	14	19	0	13	00
Y	2021	2	15	6	0	2021	2	15	20	0	14	00
Y	2021	2	17	6	0	2021	2	17	19	45	13	45
Y	2021	2	18	6	0	2021	2	18	21	0	15	00
Y	2021	2	19	6	0	2021	2	19	22	30	16	30
Y	2021	2	20	6	0	2021	2	20	19	0	13	00
Y	2021	2	21	6	0	2021	2	21	19	30	13	30
Y	2021	3	14	6	0	2021	3	14	18	0	12	00
Y	2021	3	21	10	0	2021	3	21	18	0	08	00
Y	2021	3	28	10	0	2021	3	28	18	0	08	00
Y	2021	4	2	11	0	2021	4	2	18	0	07	00
Y	2021	4	3	6	0	2021	4	3	18	0	12	00
Y	2021	4	4	6	0	2021	4	4	16	45	10	45
Y	2021	4	5	11	45	2021	4	5	20	0	08	15
Y	2021	4	6	6	0	2021	4	6	18	0	12	00
Y	2021	4	10	6	0	2021	4	10	19	45	13	45
Y	2021	4	11	6	0	2021	4	11	19	45	13	45
Y	2021	4	18	6	0	2021	4	18	18	0	12	00
Y	2021	10	14	10	30	2021	10	14	19	0	08	30
Y	2021	10	17	6	0	2021	10	17	19	0	13	00
Y	2021	10	24	6	0	2021	10	24	20	0	14	00
Y	2021	10	31	7	20	2021	10	31	19	30	12	10
R	2021	11	8	8	45	2021	11	14	23	15	158	30
Y	2021	11	21	6	0	2021	11	21	19	0	13	00
R	2021	11	23	6	0	2021	11	24	19	0	37	00
R	2021	11	25	6	0	2021	11	25	19	45	13	45
R	2021	11	26	6	0	2021	11	26	20	30	14	30
Y	2021	11	27	6	0	2021	11	27	20	0	14	00
Y	2021	11	28	6	0	2021	11	28	20	0	14	00
R	2021	11	30	6	0	2021	12	6	21	45	159	45
Y	2021	12	12	6	0	2021	12	12	18	0	12	00
Y	2021	12	18	6	0	2021	12	19	7	45	25	45
R	2021	12	19	7	45	2021	12	19	23	45	16	00
Y	2022	1	1	6	0	2022	1	2	18	0	36	00
Y	2022	1	9	11	45	2022	1	9	19	0	07	15
Y	2022	1	30	7	45	2022	1	30	22	45	15	00
Y	2022	2	5	6	0	2022	2	5	20	0	14	00
Y	2022	2	6	6	0	2022	2	6	18	0	12	00
Y	2022	2	26	6	0	2022	2	26	19	30	13	30
Y	2022	2	27	9	15	2022	2	27	19	0	09	45
Y	2022	3	6	6	0	2022	3	6	17	45	11	45
R	2022	3	8	6	0	2022	3	9	6	0	24	00
Y	2022	3	9	6	0	2022	3	9	11	45	05	45
R	2022	3	9	11	45	2022	3	9	23	0	11	15
Y	2022	3	10	6	0	2022	3	11	19	0	37	00
Y	2022	3	12	9	30	2022	3	12	21	45	12	15
Y	2022	3	13	7	50	2022	3	13	18	0	10	10
R	2022	4	3	6	0	2022	4	3	22	30	16	30
R	2022	4	4	6	0	2022	4	5	20	0	38	00
R	2022	4	8	6	0	2022	4	8	22	30	16	30
Y	2022	4	9	6	0	2022	4	9	21	15	15	15
Y	2022	4	10	6	0	2022	4	10	21	0	15	00
Y	2022	4	15	6	0	2022	4	15	19	45	13	45
Y	2022	4	16	6	0	2022	4	16	18	0	12	00
Y	2022	4	17	6	0	2022	4	17	18	0	12	00
Y	2022	4	18	6	0	2022	4	18	18	0	12	00
R	2022	5	18	7	45	2022	5	18	23	15	15	30
R	2022	9	2	11	30	2022	9	4	23	30	60	00
R	2022	9	5	6	0	2022	9	6	19	0	37	00
R	2022	9	9	6	0	2022	9	9	19	45	13	45
Y	2022	9	10	6	0	2022	9	10	17	45	11	45
Y	2022	9	11	6	0	2022	9	11	18	0	12	00
Y	2022	9	12	6	0	2022	9	12	20	30	14	30
R	2022	9	13	6	0	2022	9	16	19	0	85	00
Y	2022	9	17	6	0	2022	9	17	18	30	12	30
Y	2022	9	18	6	15	2022	9	18	16	45	10	30
Y	2022	9	24	8	45	2022	9	24	19	0	10	15
Y	2022	9	25	6	0	2022	9	25	19	45	13	45
Y	2022	10	2	6	45	2022	10	2	18	0	11	15
Y	2022	10	4	6	5	2022	10	4	18	0	11	55
Y	2022	10	8	6	0	2022	10	8	19	0	13	00
Y	2022	10	9	6	0	2022	10	10	6	0	24	00
R	2022	10	10	6	0	2022	10	13	21	0	87	00
R	2022	10	15	6	0	2022	10	17	18	0	60	00
R	2022	10	19	8	40	2022	10	19	23	30	14	50
Y	2022	10	22	6	0	2022	10	22	19	30	13	30
Y	2022	10	23	9	45	2022	10	23	18	0	08	15
R	2022	10	25	9	35	2022	10	25	19	45	10	10
R	2022	10	26	7	45	2022	10	26	19	0	11	15
Y	2022	10	29	6	0	2022	10	30	6	0	24	00
R	2022	10	30	6	0	2022	11	1	9	0	51	00
Y	2022	11	13	6	0	2022	11	13	18	0	12	00
Y	2022	11	20	6	0	2022	11	20	18	0	12	00
Y	2022	12	4	6	0	2022	12	4	18	0	12	00
Y	2022	12	10	6	0	2022	12	11	6	0	24	00
R	2022	12	11	6	0	2022	12	11	23	30	17	30
R	2022	12	17	12	0	2022	12	19	23	0	59	00
R	2022	12	21	6	0	2022	12	25	23	0	113	00
Y	2022	12	26	6	0	2022	12	26	21	0	15	00
Y	2022	12	27	6	0	2022	12	27	18	45	12	45
R	2022	12	29	6	15	2022	12	29	23	0	16	45
Y	2022	12	31	6	0	2022	12	31	23	0	17	00
Y	2023	1	1	6	0	2023	1	1	22	30	16	30
Y	2023	1	2	6	45	2023	1	2	23	30	16	45
R	2023	1	6	6	0	2023	1	7	6	0	24	00
Y	2023	1	7	6	0	2023	1	7	22	30	16	30
Y	2023	1	15	10	30	2023	1	16	6	0	19	30
R	2023	1	16	6	0	2023	1	16	23	15	17	15
R	2023	1	17	6	0	2023	1	17	11	45	05	45
R	2023	1	18	6	0	2023	1	19	23	30	41	30
Y	2023	1	23	8	0	2023	1	23	18	0	10	00
R	2023	1	24	6	0	2023	1	25	6	0	24	00
Y	2023	1	25	6	0	2023	1	25	23	30	17	30
R	2023	1	27	6	0	2023	1	30	22	45	88	45
R	2023	1	31	12	0	2023	1	31	23	30	11	30
R	2023	2	15	6	0	2023	2	15	20	30	14	30
R	2023	2	16	9	45	2023	2	16	22	30	12	45
Y	2023	2	18	6	0	2023	2	19	21	30	39	30
R	2023	2	21	9	30	2023	2	21	20	30	11	00
R	2023	2	22	6	0	2023	2	22	21	30	15	30
R	2023	2	24	6	30	2023	2	26	22	45	64	15
R	2023	2	27	6	0	2023	2	27	20	0	14	00
R	2023	3	3	6	0	2023	3	4	6	0	24	00
Y	2023	3	4	6	0	2023	3	4	11	45	05	45
R	2023	3	4	11	45	2023	3	4	21	30	09	45
R	2023	3	5	6	0	2023	3	5	23	15	17	15
R	2023	3	6	6	0	2023	3	6	23	30	17	30
R	2023	3	7	6	0	2023	3	7	21	45	15	45
Y	2023	3	11	6	0	2023	3	11	19	0	13	00
Y	2023	3	12	11	45	2023	3	12	23	30	11	45
Y	2023	3	16	6	0	2023	3	16	21	45	15	45
Y	2023	4	7	6	0	2023	4	7	19	0	13	00
Y	2023	4	8	6	0	2023	4	8	18	0	12	00
Y	2023	4	16	6	0	2023	4	16	20	0	14	00
Y	2023	4	30	6	0	2023	4	30	20	0	14	00
Y	2023	5	1	9	45	2023	5	1	18	0	08	15
